perfuser1@yopmail.com,Mantap1!!!
perfuser2@yopmail.com,Mantap1!!!
perfuser3@yopmail.com,Mantap1!!!
perfuser4@yopmail.com,Mantap1!!!
perfuser5@yopmail.com,Mantap1!!!
perfuser6@yopmail.com,Mantap1!!!
perfuser7@yopmail.com,Mantap1!!!
perfuser8@yopmail.com,Mantap1!!!
perfuser9@yopmail.com,Mantap1!!!
perfuser10@yopmail.com,Mantap1!!!
perfuser11@yopmail.com,Mantap1!!!
perfuser12@yopmail.com,Mantap1!!!
perfuser13@yopmail.com,Mantap1!!!
perfuser14@yopmail.com,Mantap1!!!
perfuser15@yopmail.com,Mantap1!!!
perfuser16@yopmail.com,Mantap1!!!
perfuser17@yopmail.com,Mantap1!!!
perfuser18@yopmail.com,Mantap1!!!
perfuser19@yopmail.com,Mantap1!!!
perfuser20@yopmail.com,Mantap1!!!
perfuser21@yopmail.com,Mantap1!!!
perfuser22@yopmail.com,Mantap1!!!
perfuser23@yopmail.com,Mantap1!!!
perfuser24@yopmail.com,Mantap1!!!
perfuser25@yopmail.com,Mantap1!!!
perfuser26@yopmail.com,Mantap1!!!
perfuser27@yopmail.com,Mantap1!!!
perfuser28@yopmail.com,Mantap1!!!
perfuser29@yopmail.com,Mantap1!!!
perfuser30@yopmail.com,Mantap1!!!